product_name,price,rating,review_count,url
"Samsung 32"" 720p HD HDR LED Tizen Smart TV (UN32H5000FFXZC) - 2025",199.99,4.8,131,/en-ca/product/samsung-32-720p-hd-hdr-led-tizen-smart-tv-un32h5000ffxzc-2025/19204881
"Hisense 65"" 4K UHD HDR LED Roku Smart TV (65R63N) - 2024",499.99,4.92,13,/en-ca/product/hisense-65-4k-uhd-hdr-led-roku-smart-tv-65r63n-2024/17731999
"Samsung 50"" 4K UHD HDR LED Tizen Smart TV (UN50DU6900FXZC) - 2024",399.99,4.53,2627,/en-ca/product/samsung-50-4k-uhd-hdr-led-tizen-smart-tv-un50du6900fxzc-2024/17905285
"TCL 55"" S4 4K UHD HDR LED Roku OS Smart TV (55S450R-CA)",369.99,3.58,33,/en-ca/product/tcl-55-s4-4k-uhd-hdr-led-roku-os-smart-tv-55s450r-ca/16693232
"Samsung 75"" 4K UHD HDR QLED Tizen Smart TV (QN75Q6FAAFXZC) - 2025",1096.98,4.63,19,/en-ca/product/samsung-75-4k-uhd-hdr-qled-tizen-smart-tv-qn75q6faafxzc-2025/19206097
"Hisense 58"" 4K UHD HDR LED Roku Smart TV (58R63N) - 2024",449.99,4.5,20,/en-ca/product/hisense-58-4k-uhd-hdr-led-roku-smart-tv-58r63n-2024/17731998
"TCL 65"" Q65 Series Q6-Series 4K UHD HDR QLED Smart Google TV (65Q651G-CA) - 2024",589.99,4.72,874,/en-ca/product/tcl-65-q65-series-q6-series-4k-uhd-hdr-qled-smart-google-tv-65q651g-ca-2024/17856038
"Sony Bravia XR 65"" X90L Series 4K UHD HDR LED Smart Google TV (XR65X90L)",1396.98,4.75,2029,/en-ca/product/sony-bravia-xr-65-x90l-series-4k-uhd-hdr-led-smart-google-tv-xr65x90l/17080860
"Open Box - Sony 55"" 4K UHD HDR LED Smart Google TV (KD55X77L) - 2023 with One Year Warranty",469.99,0.0,0,/en-ca/product/open-box-sony-55-4k-uhd-hdr-led-smart-google-tv-kd55x77l-2023-with-one-year-warranty/17457965
"TCL 55"" Q65 Series Q6-Series 4K UHD HDR QLED Smart Google TV (55Q651G-CA) - 2024",429.99,4.74,805,/en-ca/product/tcl-55-q65-series-q6-series-4k-uhd-hdr-qled-smart-google-tv-55q651g-ca-2024/17856037
"Portable 4K Mini Projector with 300 Lumens Built-in Apps, Auto Keystone, Full HD 1080P Support, 180° Rotation, Works with TV Sticks, Smartphones, HDMI, and USB - White",139.99,4.75,20,/en-ca/product/portable-4k-mini-projector-with-300-lumens-built-in-apps-auto-keystone-full-hd-1080p-support-180-rotation-works-with-tv-sticks-smartphones-hdmi-and-usb-white/18599479
"REFURBISHED (Good) - Hisense 50"" 4K UHD HDR QLED Smart Google TV (50QD6N) - 2024",424.99,5.0,2,/en-ca/product/refurbished-good-hisense-50-4k-uhd-hdr-qled-smart-google-tv-50qd6n-2024/19187938
"LG 65"" G5 Series 4K UHD HDR OLED evo G5 webOS Smart TV (OLED65G5SUB) - 2025",3999.99,4.7,648,/en-ca/product/lg-65-g5-series-4k-uhd-hdr-oled-evo-g5-webos-smart-tv-oled65g5sub-2025/19275494
Amazon Fire TV Stick HD (2024) Media Streamer with Alexa Voice Remote,49.99,4.83,6,/en-ca/product/amazon-fire-tv-stick-hd-2024-media-streamer-with-alexa-voice-remote/18482969
"Sony Bravia XR 55"" X90L Series 4K UHD HDR LED Smart Google TV (XR55X90L)",1199.99,4.66,949,/en-ca/product/sony-bravia-xr-55-x90l-series-4k-uhd-hdr-led-smart-google-tv-xr55x90l/17080862
"Samsung 55"" S90D Series 4K UHD HDR OLED Tizen Smart TV (QN55S90DAFXZC) - 2024 - Graphite Black",1499.99,4.62,243,/en-ca/product/samsung-55-s90d-series-4k-uhd-hdr-oled-tizen-smart-tv-qn55s90dafxzc-2024-graphite-black/17729154
"LG 50"" 4K UHD HDR QNED webOS Smart TV (50QNED85TUA) - 2024",749.99,5.0,2,/en-ca/product/lg-50-4k-uhd-hdr-qned-webos-smart-tv-50qned85tua-2024/17924075
"TCL 75"" S4 4K UHD HDR LED Roku OS Smart TV (75S450R-CA) - Only at Best Buy",599.99,3.71,7,/en-ca/product/tcl-75-s4-4k-uhd-hdr-led-roku-os-smart-tv-75s450r-ca-only-at-best-buy/16693234
"LG 48"" B4 Series 4K UHD HDR OLED webOS Smart TV (OLED48B4PUA) - 2024 - Only at Best Buy",899.99,5.0,10,/en-ca/product/lg-48-b4-series-4k-uhd-hdr-oled-webos-smart-tv-oled48b4pua-2024-only-at-best-buy/17924067
"TCL 50"" S4 4K UHD HDR LED Roku OS Smart TV (50S450R-CA)",329.99,2.93,15,/en-ca/product/tcl-50-s4-4k-uhd-hdr-led-roku-os-smart-tv-50s450r-ca/16693230
"Samsung 75"" 4K UHD HDR Neo QLED Tizen Smart TV (QN75QN85DBFXZC) -2024- Graphite Black",1999.99,4.68,793,/en-ca/product/samsung-75-4k-uhd-hdr-neo-qled-tizen-smart-tv-qn75qn85dbfxzc-2024-graphite-black/17729481
"Sanus Advanced 42"" - 90"" Tilting TV Wall Mount",189.99,4.82,8883,/en-ca/product/sanus-advanced-42-90-tilting-tv-wall-mount/15178718
"Samsung 65"" U8000F Series 4K UHD HDR LED Tizen Smart TV (UN65U8000FFXZC) - 2025",799.99,4.48,54,/en-ca/product/samsung-65-u8000f-series-4k-uhd-hdr-led-tizen-smart-tv-un65u8000ffxzc-2025/19204866
"TCL 43"" S4 4K UHD HDR LED Roku OS Smart TV (43S450R-CA)",279.99,4.43,42,/en-ca/product/tcl-43-s4-4k-uhd-hdr-led-roku-os-smart-tv-43s450r-ca/16693228
"Samsung 55"" U7900F Series 4K UHD HDR LED Tizen Smart TV (UN55U7900FFXZC) - 2025",599.99,4.83,23,/en-ca/product/samsung-55-u7900f-series-4k-uhd-hdr-led-tizen-smart-tv-un55u7900ffxzc-2025/19204876
"TCL 75"" Q65 Series Q6-Series 4K UHD HDR QLED Smart Google TV (75Q651G-CA) - 2024",779.99,4.79,634,/en-ca/product/tcl-75-q65-series-q6-series-4k-uhd-hdr-qled-smart-google-tv-75q651g-ca-2024/17856039
Google TV Streamer (4K) - Porcelain,129.99,4.34,68,/en-ca/product/google-tv-streamer-4k-porcelain/17970356
"Samsung 65"" U7900F Series 4K UHD HDR LED Tizen Smart TV (UN65U7900FFXZC) - 2025",746.98,4.83,23,/en-ca/product/samsung-65-u7900f-series-4k-uhd-hdr-led-tizen-smart-tv-un65u7900ffxzc-2025/19204874
"LG C4 55"" C4 Series 4K UHD HDR OLED evo webOS Smart TV (OLED55C4PUA) - 2024",1496.98,4.4,10,/en-ca/product/lg-c4-55-c4-series-4k-uhd-hdr-oled-evo-webos-smart-tv-oled55c4pua-2024/17921977
"Sony Bravia 8 65"" XR80 Series 4K UHD HDR OLED Smart Google TV (K65XR80B) - 2024",2199.99,4.65,760,/en-ca/product/sony-bravia-8-65-xr80-series-4k-uhd-hdr-oled-smart-google-tv-k65xr80b-2024/17909540
"Samsung 65"" 4K UHD HDR Neo QLED Tizen Smart TV (QN65QN85DBFXZC) - 2024 - Graphite Black",1399.99,4.67,724,/en-ca/product/samsung-65-4k-uhd-hdr-neo-qled-tizen-smart-tv-qn65qn85dbfxzc-2024-graphite-black/17729482
"LG C4 65"" C4 Series 4K UHD HDR OLED evo webOS Smart TV (OLED65C4PUA) - 2024",1996.98,4.14,14,/en-ca/product/lg-c4-65-c4-series-4k-uhd-hdr-oled-evo-webos-smart-tv-oled65c4pua-2024/17921979
"TCL 85"" S4 4K UHD HDR LED Roku TV Smart TV (85S450R-CA) - Only at Best Buy",999.99,4.67,3,/en-ca/product/tcl-85-s4-4k-uhd-hdr-led-roku-tv-smart-tv-85s450r-ca-only-at-best-buy/17977274
"TCL 65"" S4 4K UHD HDR LED Roku OS Smart TV (65S450R-CA)",529.99,2.83,6,/en-ca/product/tcl-65-s4-4k-uhd-hdr-led-roku-os-smart-tv-65s450r-ca/16693240
"TCL 98"" S-Series 4K UHD HDR LED Smart Google TV (98S550G-CA) - 2023",1999.99,4.75,317,/en-ca/product/tcl-98-s-series-4k-uhd-hdr-led-smart-google-tv-98s550g-ca-2023/17177639
Sony Bravia Cam for Bravia XR TVs (CMU-BC1),299.99,3.81,54,/en-ca/product/sony-bravia-cam-for-bravia-xr-tvs-cmu-bc1/19182230
Rocketfish 1.2m (4ft.) 4K Ultra HD HDMI Cable - Only at Best Buy,39.99,4.43,14,/en-ca/product/rocketfish-1-2m-4ft-4k-ultra-hd-hdmi-cable-only-at-best-buy/10655693
"TCL 43"" Q65 Series Q6-Series 4K UHD HDR QLED Smart Google TV (43Q651G-CA) - 2024",329.99,4.67,961,/en-ca/product/tcl-43-q65-series-q6-series-4k-uhd-hdr-qled-smart-google-tv-43q651g-ca-2024/17856035
"Samsung 50"" U7900F Series 4K UHD HDR LED Tizen Smart TV (UN50U7900FFXZC) - 2025",499.99,5.0,3,/en-ca/product/samsung-50-u7900f-series-4k-uhd-hdr-led-tizen-smart-tv-un50u7900ffxzc-2025/19204877
"TCL 43"" S5-Series 4K UHD HDR LED Smart Google TV (43S551G-CA) - 2024",289.99,4.79,302,/en-ca/product/tcl-43-s5-series-4k-uhd-hdr-led-smart-google-tv-43s551g-ca-2024/17856027
"TCL 50"" S5-Series 4K UHD HDR LED Smart Google TV (50S551G-CA) - 2024",369.99,4.73,271,/en-ca/product/tcl-50-s5-series-4k-uhd-hdr-led-smart-google-tv-50s551g-ca-2024/17856028
"TCL 32"" S-Series 1080p HD LED Roku OS Smart TV (32S350R-CA)",199.99,4.34,32,/en-ca/product/tcl-32-s-series-1080p-hd-led-roku-os-smart-tv-32s350r-ca/16693226
"Best Buy Essentials 19"" - 50"" Full Motion TV Wall Mount - Only at Best Buy",39.99,4.72,2786,/en-ca/product/best-buy-essentials-19-50-full-motion-tv-wall-mount-only-at-best-buy/16998382
"Best Buy Essentials 37"" - 90"" Fixed TV Wall Mount - Only at Best Buy",39.99,4.69,3277,/en-ca/product/best-buy-essentials-37-90-fixed-tv-wall-mount-only-at-best-buy/16998381
"Sony Bravia 8 55"" XR80 Series 4K UHD HDR OLED Smart Google TV (K55XR80B) - 2024",1699.99,4.56,409,/en-ca/product/sony-bravia-8-55-xr80-series-4k-uhd-hdr-oled-smart-google-tv-k55xr80b-2024/17909541
"Samsung The Frame 55"" HDR QLED Tizen Smart TV (QN55LS03DAFXZC) - 2024 OPEN BOX 10/10",1099.99,4.6,407,/en-ca/product/samsung-the-frame-55-hdr-qled-tizen-smart-tv-qn55ls03dafxzc-2024-open-box-10-10/18145561
"Samsung 55"" Q7F Series 4K UHD HDR QLED Tizen Smart TV (QN55Q7FAAFXZC) - 2025",696.98,4.52,25,/en-ca/product/samsung-55-q7f-series-4k-uhd-hdr-qled-tizen-smart-tv-qn55q7faafxzc-2025/19206123
"Sony Bravia XR 75"" X90L Series 4K UHD HDR LED Smart Google TV (XR75X90L)",1799.99,4.75,1401,/en-ca/product/sony-bravia-xr-75-x90l-series-4k-uhd-hdr-led-smart-google-tv-xr75x90l/17080864
"Hisense 65"" 4K UHD HDR QLED Smart Google TV (65QD6N) - 2024",569.99,4.76,1031,/en-ca/product/hisense-65-4k-uhd-hdr-qled-smart-google-tv-65qd6n-2024/17909562
"Hisense 55"" U68N Series 4K UHD HDR Mini LED QLED Smart Google TV (55U68N) - 2024",599.99,4.72,461,/en-ca/product/hisense-55-u68n-series-4k-uhd-hdr-mini-led-qled-smart-google-tv-55u68n-2024/17909551
"Samsung 65"" Q8F Series 4K UHD HDR QLED Tizen Smart TV (QN65Q8FAAFXZC) - 2025",1199.99,4.78,83,/en-ca/product/samsung-65-q8f-series-4k-uhd-hdr-qled-tizen-smart-tv-qn65q8faafxzc-2025/19206115
"TCL QM6K-Series 65"" QM6K Series 4K UHD HDR QD-Mini LED Smart Google TV (65QM6K) - 2025",899.99,4.78,63,/en-ca/product/tcl-qm6k-series-65-qm6k-series-4k-uhd-hdr-qd-mini-led-smart-google-tv-65qm6k-2025/18985111
"Open Box - Samsung 50"" 4K UHD HDR LED Tizen Smart TV (UN50DU6900FXZC) - 2024",374.99,0.0,0,/en-ca/product/open-box-samsung-50-4k-uhd-hdr-led-tizen-smart-tv-un50du6900fxzc-2024/18170993
"TCL 50"" Q65 Series Q6-Series 4K UHD HDR QLED Smart Google TV (50Q651G-CA) - 2024",399.99,4.6,758,/en-ca/product/tcl-50-q65-series-q6-series-4k-uhd-hdr-qled-smart-google-tv-50q651g-ca-2024/17856036
"Samsung The Frame Pro 75"" 4K UHD HDR Neo QLED Tizen Smart TV (QN75LS03FWFXZC) - 2025",3499.99,4.92,26,/en-ca/product/samsung-the-frame-pro-75-4k-uhd-hdr-neo-qled-tizen-smart-tv-qn75ls03fwfxzc-2025/19204883
"TCL 40"" S-Series 1080p HD HDR LED Roku OS Smart TV (40S350R-CA)",269.99,4.65,20,/en-ca/product/tcl-40-s-series-1080p-hd-hdr-led-roku-os-smart-tv-40s350r-ca/16693225
"Samsung 43"" U8000F Series 4K UHD HDR LED Tizen Smart TV (UN43U8000FFXZC) - 2025",429.99,4.61,49,/en-ca/product/samsung-43-u8000f-series-4k-uhd-hdr-led-tizen-smart-tv-un43u8000ffxzc-2025/19204870
"LG 43"" UT8000 Series 4K UHD HDR LED webOS 24 Smart TV (43UT8000PUA) - 2024 - Only at Best Buy",399.99,4.38,243,/en-ca/product/lg-43-ut8000-series-4k-uhd-hdr-led-webos-24-smart-tv-43ut8000pua-2024-only-at-best-buy/17924092
"Samsung 85"" U7900F Series 4K UHD HDR LED Tizen Smart TV (UN85U7900FFXZC) - 2025",1299.99,4.82,22,/en-ca/product/samsung-85-u7900f-series-4k-uhd-hdr-led-tizen-smart-tv-un85u7900ffxzc-2025/19204871
"Sony Bravia 3 75"" S30B Series 4K UHD HDR LED Smart Google TV (K75S30B) - 2024",1299.99,4.56,254,/en-ca/product/sony-bravia-3-75-s30b-series-4k-uhd-hdr-led-smart-google-tv-k75s30b-2024/17909548
"Samsung The Frame 65"" 4K UHD HDR QLED Tizen Smart TV (QN65LS03FAFXZC) - 2025",1999.99,4.56,32,/en-ca/product/samsung-the-frame-65-4k-uhd-hdr-qled-tizen-smart-tv-qn65ls03fafxzc-2025/19204885
"Sony Bravia XR 85"" X90L Series 4K UHD HDR LED Smart Google TV (XR85X90L)",2299.99,4.74,987,/en-ca/product/sony-bravia-xr-nbsp-85-x90l-series-4k-uhd-hdr-led-smart-google-tv-xr85x90l/17080870
"Samsung 77"" S90D Series 4K UHD HDR OLED Tizen Smart TV (QN77S90DAFXZC) - 2024 - Graphite Black",2996.98,4.61,237,/en-ca/product/samsung-77-s90d-series-4k-uhd-hdr-oled-tizen-smart-tv-qn77s90dafxzc-2024-graphite-black/17903777
"Samsung 40"" 1080p HD HDR LED Tizen Smart TV (UN40F6000FFXZC) - 2025",349.99,4.14,7,/en-ca/product/samsung-40-1080p-hd-hdr-led-tizen-smart-tv-un40f6000ffxzc-2025/19204879
"Samsung 32"" 1080p HD HDR LED Tizen Smart TV (UN32F6000FFXZC) - 2025",279.99,4.45,44,/en-ca/product/samsung-32-1080p-hd-hdr-led-tizen-smart-tv-un32f6000ffxzc-2025/19204880
"Hisense 55"" 4K UHD HDR LED Roku Smart TV (55R63N) - 2024",399.99,4.17,6,/en-ca/product/hisense-55-4k-uhd-hdr-led-roku-smart-tv-55r63n-2024/17731995
"LG C4 77"" C4 Series 4K UHD HDR OLED evo webOS Smart TV (OLED77C4PUA) - 2024",2996.98,4.43,7,/en-ca/product/lg-c4-77-c4-series-4k-uhd-hdr-oled-evo-webos-smart-tv-oled77c4pua-2024/17921975
"Hisense 65"" U78N Series 4K UHD HDR Mini LED QLED Smart Google TV (65U78N) - 2024",999.99,4.77,459,/en-ca/product/hisense-65-u78n-series-4k-uhd-hdr-mini-led-qled-smart-google-tv-65u78n-2024/17909558
"Samsung 65"" QN70F Series 4K UHD HDR Neo QLED Tizen Smart TV (QN65QN70FAFXZC) - 2025 - Only at Best Buy",1399.99,4.78,32,/en-ca/product/samsung-65-qn70f-series-4k-uhd-hdr-neo-qled-tizen-smart-tv-qn65qn70fafxzc-2025-only-at-best-buy/19206111
"Samsung 50"" Q7F Series 4K UHD HDR QLED Tizen Smart TV (QN50Q7FAAFXZC) - 2025",599.99,4.41,17,/en-ca/product/samsung-50-q7f-series-4k-uhd-hdr-qled-tizen-smart-tv-qn50q7faafxzc-2025/19206124
"Sony Bravia 3 55"" S30B Series 4K UHD HDR LED Smart Google TV (K55S30B) - 2024",899.99,4.52,338,/en-ca/product/sony-bravia-3-55-s30b-series-4k-uhd-hdr-led-smart-google-tv-k55s30b-2024/17909545
"Sony Bravia 3 65"" S30B Series 4K UHD HDR LED Smart Google TV (K65S30B) - 2024",979.99,4.48,336,/en-ca/product/sony-bravia-3-65-s30b-series-4k-uhd-hdr-led-smart-google-tv-k65s30b-2024/17909546
"Samsung 65"" Q7F Series 4K UHD HDR QLED Tizen Smart TV (QN65Q7FAAFXZC) - 2025",996.98,4.54,24,/en-ca/product/samsung-65-q7f-series-4k-uhd-hdr-qled-tizen-smart-tv-qn65q7faafxzc-2025/19206122
"Hisense 43"" 4K UHD HDR QLED Smart Google TV (43QD6N) - 2024",329.99,4.76,1030,/en-ca/product/hisense-43-4k-uhd-hdr-qled-smart-google-tv-43qd6n-2024/19186543
"Samsung The Frame 55"" 4K UHD HDR QLED Tizen Smart TV (QN55LS03FAFXZC) - 2025",1699.99,4.67,30,/en-ca/product/samsung-the-frame-55-4k-uhd-hdr-qled-tizen-smart-tv-qn55ls03fafxzc-2025/19204886
"Samsung 55"" Q8F Series 4K UHD HDR QLED Tizen Smart TV (QN55Q8FAAFXZC) - 2025",899.99,4.68,92,/en-ca/product/samsung-55-q8f-series-4k-uhd-hdr-qled-tizen-smart-tv-qn55q8faafxzc-2025/19206116
"LG StanbyME 27"" 1080p HD HDR LED webOS Smart TV (27ART10AKPL) - 2022",1199.99,4.61,412,/en-ca/product/lg-stanbyme-27-1080p-hd-hdr-led-webos-smart-tv-27art10akpl-2022/16666201
"LG 55"" 4K UHD HDR QNED webOS Smart TV (55QNED85TUA) - 2024",799.99,4.75,4,/en-ca/product/lg-55-4k-uhd-hdr-qned-webos-smart-tv-55qned85tua-2024/17924074
"Hisense 43"" 4K UHD HDR LED Roku Smart TV (43R63N) - 2024",289.99,4.36,22,/en-ca/product/hisense-43-4k-uhd-hdr-led-roku-smart-tv-43r63n-2024/17731993
"Open Box - Samsung 75"" 4K UHD HDR LED Tizen Smart TV (UN75DU6900FXZC) - 2024",674.99,0.0,0,/en-ca/product/open-box-samsung-75-4k-uhd-hdr-led-tizen-smart-tv-un75du6900fxzc-2024/18170971
Sony Wi-Fi Blu-ray Player (BDPS1700U),109.99,4.51,850,/en-ca/product/sony-wi-fi-blu-ray-player-bdps1700u/19217942
"LG 86"" UR8000 Series 4K UHD HDR LED webOS Smart TV (86UR8000AUA) - 2025",1299.99,0.0,0,/en-ca/product/lg-86-ur8000-series-4k-uhd-hdr-led-webos-smart-tv-86ur8000aua-2025/19207212
"Hisense 65"" U88N Series 4K UHD HDR Mini LED Pro QLED Smart Google TV (65U88N) - 2024",1299.99,4.77,275,/en-ca/product/hisense-65-u88n-series-4k-uhd-hdr-mini-led-pro-qled-smart-google-tv-65u88n-2024/17909556
"Sony Bravia 8 77"" XR80 Series 4K UHD HDR OLED Smart Google TV (K77XR80B) - 2024",3299.99,4.6,446,/en-ca/product/sony-bravia-8-77-xr80-series-4k-uhd-hdr-oled-smart-google-tv-k77xr80b-2024/17909539
"Hisense 55"" U88N Series 4K UHD HDR Mini LED Pro QLED Smart Google TV (55U88N) - 2024",899.99,4.79,272,/en-ca/product/hisense-55-u88n-series-4k-uhd-hdr-mini-led-pro-qled-smart-google-tv-55u88n-2024/17909555
"Sony BRAVIA 8 II 65"" XR80M2 Series 4K UHD HDR OLED Smart Google TV (K65XR80M2) - 2025",4499.99,4.9,20,/en-ca/product/sony-bravia-8-ii-65-xr80m2-series-4k-uhd-hdr-oled-smart-google-tv-k65xr80m2-2025/19254956
NVIDIA SHIELD Android TV Pro 16GB 4K HDR Media Streamer - English,259.99,4.65,4135,/en-ca/product/nvidia-shield-android-tv-pro-16gb-4k-hdr-media-streamer-english/14276267
Roku Streaming Stick HD Media Streamer with Remote,39.99,4.45,20,/en-ca/product/roku-streaming-stick-hd-media-streamer-with-remote/19308960
"Hisense 55"" U78N Series 4K UHD HDR Mini LED QLED Smart Google TV (55U78N) - 2024",799.99,4.78,458,/en-ca/product/hisense-55-u78n-series-4k-uhd-hdr-mini-led-qled-smart-google-tv-55u78n-2024/17909550
Hisense PL2 ultra 4K Ultra HD Laser Home Theatre Projector (PL2),2299.99,4.67,3,/en-ca/product/hisense-pl2-ultra-4k-ultra-hd-laser-home-theatre-projector-pl2/18661246
"Sony 55"" 4K UHD HDR LED Smart Google TV (KD55X77L)",696.98,4.5,526,/en-ca/product/sony-55-4k-uhd-hdr-led-smart-google-tv-kd55x77l/17080857
"LG 55"" UT7000 Series 4K UHD HDR LED webOS Smart TV (55UT7000PUA) - 2024",546.97,3.2,5,/en-ca/product/lg-55-ut7000-series-4k-uhd-hdr-led-webos-smart-tv-55ut7000pua-2024/18247901
"Samsung The Frame Pro 65"" 4K UHD HDR Neo QLED Tizen Smart TV (QN65LS03FWFXZC) - 2025",2499.99,4.92,26,/en-ca/product/samsung-the-frame-pro-65-4k-uhd-hdr-neo-qled-tizen-smart-tv-qn65ls03fwfxzc-2025/19204884
"Samsung 75"" QN70F Series 4K UHD HDR Neo QLED Tizen Smart TV (QN75QN70FAFXZC) - 2025 - Only at Best Buy",1899.99,4.81,31,/en-ca/product/samsung-75-qn70f-series-4k-uhd-hdr-neo-qled-tizen-smart-tv-qn75qn70fafxzc-2025-only-at-best-buy/19206110
"Hisense 65"" U68N Series 4K UHD HDR Mini LED QLED Smart Google TV (65U68N) - 2024",699.99,4.72,464,/en-ca/product/hisense-65-u68n-series-4k-uhd-hdr-mini-led-qled-smart-google-tv-65u68n-2024/17909552
"TCL 75"" S5-Series 4K UHD HDR LED Smart Google TV (75S551G-CA) - 2024",749.99,4.68,838,/en-ca/product/tcl-75-s5-series-4k-uhd-hdr-led-smart-google-tv-75s551g-ca-2024/17856033
"Samsung 55"" 4K UHD HDR QLED Tizen OS Smart TV (QN55Q60DAFXZC) - 2024",699.99,4.57,1782,/en-ca/product/samsung-55-4k-uhd-hdr-qled-tizen-os-smart-tv-qn55q60dafxzc-2024/17857411
"Hisense 40"" 1080p HD LED VIDAA Smart TV (40A4KV) - 2023",249.99,4.53,861,/en-ca/product/hisense-40-1080p-hd-led-vidaa-smart-tv-40a4kv-2023/16932602
"TCL QM7K-Series 65"" QM7K Series 4K UHD HDR QD-Mini LED Smart Google TV (65QM7K) - 2025",1299.99,4.52,25,/en-ca/product/tcl-qm7k-series-65-qm7k-series-4k-uhd-hdr-qd-mini-led-smart-google-tv-65qm7k-2025/18984523
"Samsung 43"" U7900F Series 4K UHD HDR LED Tizen Smart TV (UN43U7900FFXZC) - 2025",399.99,4.83,24,/en-ca/product/samsung-43-u7900f-series-4k-uhd-hdr-led-tizen-smart-tv-un43u7900ffxzc-2025/19204878
"TCL QM7K-Series 55"" QM7K Series 4K UHD HDR QD-Mini LED Smart Google TV (55QM7K) - 2025",899.99,4.41,22,/en-ca/product/tcl-qm7k-series-55-qm7k-series-4k-uhd-hdr-qd-mini-led-smart-google-tv-55qm7k-2025/18984524
"Samsung The Frame 43"" 4K UHD HDR QLED Tizen Smart TV (QN43LS03FAFXZC) - 2025",1199.99,4.67,30,/en-ca/product/samsung-the-frame-43-4k-uhd-hdr-qled-tizen-smart-tv-qn43ls03fafxzc-2025/19204888
"Open Box - Hisense 65"" 4K UHD HDR Mini LED QLED Smart Google TV (65U68N) - 2024 - 10/10 Condition with One Year Warranty",529.99,0.0,0,/en-ca/product/open-box-hisense-65-4k-uhd-hdr-mini-led-qled-smart-google-tv-65u68n-2024-10-10-condition-with-one-year-warranty/19312043
"LG 50"" UT8000 Series 4K UHD HDR LED webOS 24 Smart TV (50UT8000PUA) - 2024",449.99,4.37,251,/en-ca/product/lg-50-ut8000-series-4k-uhd-hdr-led-webos-24-smart-tv-50ut8000pua-2024/17924091
"Samsung 85"" 4K UHD HDR QLED Tizen Smart TV (QN85Q6FAAFXZC) - 2025",1799.99,4.0,2,/en-ca/product/samsung-85-4k-uhd-hdr-qled-tizen-smart-tv-qn85q6faafxzc-2025/19206126
"Samsung 98"" 4K UHD HDR LED Tizen OS Smart TV (UN98DU9000FXZC) - 2024",2799.99,4.78,245,/en-ca/product/samsung-98-4k-uhd-hdr-led-tizen-os-smart-tv-un98du9000fxzc-2024/17905286
"Samsung The Frame 65"" HDR QLED Tizen Smart TV (QN65LS03DAFXZC) - 2024 Open Box 10/10 Condition With 1 Year Warranty",1299.99,1.0,1,/en-ca/product/samsung-the-frame-65-hdr-qled-tizen-smart-tv-qn65ls03dafxzc-2024-open-box-10-10-condition-with-1-year-warranty/17930595
Amazon Fire TV Stick 4K (2024) Media Streamer with Alexa Voice Remote,69.99,4.9,29,/en-ca/product/amazon-fire-tv-stick-4k-2024-media-streamer-with-alexa-voice-remote/18247083
"Samsung 32"" 1080p HD LED Tizen Smart TV (UN32N5300AFXZC) - Glossy Black",279.99,4.6,9622,/en-ca/product/samsung-32-1080p-hd-led-tizen-smart-tv-un32n5300afxzc-glossy-black/12471898
"Sony Bravia 9 65"" XR90 Series 4K UHD HDR Mini LED QLED Smart Google TV (K65XR90B) - 2024",3799.99,4.65,136,/en-ca/product/sony-bravia-9-65-xr90-series-4k-uhd-hdr-mini-led-qled-smart-google-tv-k65xr90b-2024/17909544
"Sony Bravia XR 55"" 4K UHD HDR OLED Smart Google TV (XR55A95L)",3299.99,4.67,653,/en-ca/product/sony-bravia-xr-55-4k-uhd-hdr-oled-smart-google-tv-xr55a95l/17230340
"Sony Bravia 7 75"" XR70 Series 4K UHD HDR Mini LED QLED Smart Google TV (K75XR70B) - 2024",2599.99,4.65,274,/en-ca/product/sony-bravia-7-75-xr70-series-4k-uhd-hdr-mini-led-qled-smart-google-tv-k75xr70b-2024/17909536
Sony 1080p Upconverting DVD Player (DVPSR510H),79.99,4.57,6175,/en-ca/product/sony-sony-1080p-upconverting-dvd-player-dvpsr510h-dvpsr510h/10202250
"Hisense 75"" 4K UHD HDR LED Roku Smart TV (75R63N) - 2024",699.99,3.8,5,/en-ca/product/hisense-75-4k-uhd-hdr-led-roku-smart-tv-75r63n-2024/17732000
"LG 55"" 4K UHD HDR OLED evo G5 webOS Smart TV (OLED55G5SUB) - 2025",3099.99,4.67,424,/en-ca/product/lg-55-4k-uhd-hdr-oled-evo-g5-webos-smart-tv-oled55g5sub-2025/19275493
Samsung The Freestyle 1080p LED Portable Home Theatre Projector (SP-LFF3CLAXXZC) - White,899.99,4.08,119,/en-ca/product/samsung-the-freestyle-1080p-led-portable-home-theatre-projector-sp-lff3claxxzc-white/17176961
"Sony Bravia 7 65"" XR70 Series 4K UHD HDR Mini LED QLED Smart Google TV (K65XR70B) - 2024",1999.99,4.7,296,/en-ca/product/sony-bravia-7-65-xr70-series-4k-uhd-hdr-mini-led-qled-smart-google-tv-k65xr70b-2024/17909537
"Samsung 70"" U7900F Series 4K UHD HDR LED Tizen Smart TV (UN70U7900FFXZC) - 2025",849.99,4.82,22,/en-ca/product/samsung-70-u7900f-series-4k-uhd-hdr-led-tizen-smart-tv-un70u7900ffxzc-2025/19204873
"Samsung 70"" 4K UHD HDR LED Tizen Smart TV (UN70DU6900FXZC) - 2024",799.99,4.45,1728,/en-ca/product/samsung-70-4k-uhd-hdr-led-tizen-smart-tv-un70du6900fxzc-2024/17905283
"Samsung 75"" Q8F Series 4K UHD HDR QLED Tizen Smart TV (QN75Q8FAAFXZC) - 2025",1499.99,4.78,72,/en-ca/product/samsung-75-q8f-series-4k-uhd-hdr-qled-tizen-smart-tv-qn75q8faafxzc-2025/19206114
